Question,Augmented Question,GPT Answer,Extracted Answer,Expected Answer,Cosine Similarity,Pass/Fail
Determine the infinite limit: \lim_{x \to 1} \frac{2 - x}{(x - 1)^2}.,['Define the infinite demarcation line: \\ lim_ {x \\ to unity} \\ frac {2 - tenner} {( tenner - ace) ^ ii }.'],The answer to defining the infinite demarcation line: lim_ {x \ to unity} \ frac {2 - tenner} {( tenner - ace) ^ ii} is -\infty.,-\infty.,-infinity,"tensor([[0.7207]], device='mps:0')",FAIL
Determine the infinite limit: \lim_{x \to -3^+} \frac{x + 2}{x + 3},['Specify the myriad point of accumulation: \\ lim_ {x \\ to - 3 ^ +} \\ frac {ten + ii} {ten + 3 }'],The answer to the question is positive infinity.,positive infinity.,infinity,"tensor([[0.8321]], device='mps:0')",PASS
"Find the limit, if it exists. If the limit does not exist, explain why. \lim_{x \to 3} (2x + |x - 3|) ","['Find the limit, if information technology exists. If the boundary suffice not subsist, explain why. \\ lim_ {x \\ to 3} (2x + | adam - trine | )']","The answer to Find the limit, if information technology exists. If the boundary suffice not subsist, explain why. \\ lim_ {x \\ to 3} (2x + | adam - trine | ) is 6.",6.,6,"tensor([[0.9267]], device='mps:0')",PASS
"Evaluate the limit, if it exists: \lim_{x \to 7} \frac{\sqrt{x + 2} - 3}{x - 7}. When giving the answer, format your response by saying `The answer to (question) is (answer).` For the answer only, display in Non Latex.","['Evaluate the limit, if it exists: \\ lim_ {ten \\ to septet} \\ frac {\\ sqrt {x + 2} - 3} {x - 7 }. When giving the solution, format your response by suppose ` The answer to (question) is (answer ). ` For the reply merely, display in Non Latex.']","The answer to Evaluate the limit, if it exists: lim_{x \to 7} \frac{\sqrt{x + 2} - 3}{x - 7}. is \frac{1}{6}",\frac{1}{6},1/6,"tensor([[0.8441]], device='mps:0')",PASS
Use continuity to evaluate the limit. \lim_{x \to 4} \frac{5 + \sqrt{x}}{\sqrt{5 + x}},['Use persistence to measure the limitation. \\ lim_ {x \\ to quaternary} \\ frac {five + \\ sqrt {10} } {\\ sqrt {fin + x} }'],The answer to the question is The answer to the question is (5 + √10) / √5,(5 + √10) / √5,7/3,"tensor([[0.2503]], device='mps:0')",FAIL
Use continuity to evaluate the limit.  \lim_{x \to 1} e^{x^2 - x},['Consumption persistence to evaluate the limit. \\ lim_ {ten \\ to 1} due east ^ {x ^ deuce - cristal }'],The answer to ['Consumption persistence to evaluate the limit. \\ lim_ {ten \\ to 1} due east ^ {x ^ deuce - cristal }'] is 1.,1.,1,"tensor([[0.8713]], device='mps:0')",PASS
Find the limit. \lim_{u \to \infty} \frac{4u^4 + 5}{(u^2 - 2)(2u^2 - 1)} ,['Find the terminal point. \\ lim_ {u \\ to \\ infty} \\ frac {4u ^ tetrad + pentad} {( u ^ 2 - 2) (2u ^ ii - 1) }'],The answer to the question is 0,0,2,"tensor([[0.5292]], device='mps:0')",FAIL
Determine the infinite limit: \lim_{{x \to 3^+}} \ln(x^2 - 9),['Shape the numberless limit: \\ lim_ {{ x \\ to threesome ^ +} } \\ ln (10 ^ 2 - nina from carolina )'],The answer to ['Shape the numberless limit: \\ lim_ {{ x \\ to threesome ^ +} } \\ ln (10 ^ 2 - nina from carolina )'] is -\infty,-\infty,-infinity,"tensor([[0.7652]], device='mps:0')",PASS
Determine the infinite limit: \lim_{{x \to 2\pi^-}} x \csc x,['Ascertain the unnumberable limitation: \\ lim_ {{ x \\ to deuce \\ pi ^ -} } ten \\ csc ex'],The answer to ['Ascertain the unnumberable limitation: \\ lim_ {{ x \\ to deuce \\ pi ^ -} } ten \\ csc ex'] is 10.,10.,-infinity,"tensor([[0.2254]], device='mps:0')",FAIL
Evaluate the limit if it exists. \lim_{{x \to 2}} \frac{x^2 + x - 6}{x - 2},['Assess the limitation if information technology exists. \\ lim_ {{ x \\ to ii} } \\ frac {10 ^ deuce + ecstasy - 6} {x - 2 }'],The answer to the question is -3.,-3.,5,"tensor([[0.3675]], device='mps:0')",FAIL
Evaluate the limit if it exists. \lim_{{x \to 2}} \frac{x^2 - x + 6}{x - 2},['Evaluate the boundary if information technology exists. \\ lim_ {{ x \\ to two} } \\ frac {x ^ two - decade + sextuplet} {10 - 2 }'],"I'm sorry, but the question provided is not clear and the mathematical expression is not formatted correctly. Could you please provide the question in a clearer format?",not formatted correctly. Could you please provide the question in a clearer format?,DNE (Does not exist),"tensor([[0.1287]], device='mps:0')",FAIL
Evaluate the limit if it exists. \lim_{{t \to -3}} \frac{t^2 - 9}{2t^2 + 7t + 3},['Valuate the limit point if it survive. \\ lim_ {{ t \\ to - iii} } \\ frac {t ^ 2 - 9} {2t ^ 2 + 7t + 3 }'],The answer to the limit point if it survives is -3/7.,-3/7.,6/5,"tensor([[0.5582]], device='mps:0')",FAIL
Evaluate the limit if it exists. \lim_{{h \to 0}} \frac{(4 + h)^2 - 16}{h},['Assess the limit if information technology subsist. \\ lim_ {{ h \\ to zero} } \\ frac {( iv + h) ^ two - xvi} {enthalpy }'],The answer to the limit if information technology subsist is 8.,8.,8,"tensor([[0.9289]], device='mps:0')",PASS
Evaluate the limit if it exists. \lim_{{x \to -2}} \frac{x + 2}{x^3 + 8},['Assess the limit if it exist. \\ lim_ {{ x \\ to - deuce} } \\ frac {x + two} {10 ^ leash + 8 }'],The answer to the limit lim_ {{ x \\ to - deuce} } \\ frac {x + two} {10 ^ leash + 8 } is -1/8,-1/8,1/12,"tensor([[0.5008]], device='mps:0')",FAIL
Evaluate the limit if it exists. \lim_{{t \to 9}} \frac{9 - t}{3 - \sqrt{t}},['Evaluate the demarcation line if it live. \\ lim_ {{ t \\ to nine} } \\ frac {niner - thymine} {iii - \\ sqrt {t} }'],The answer to the question is 6.,6.,6,"tensor([[0.9267]], device='mps:0')",PASS
Evaluate the limit if it exists. \lim_{{x \to -4}} \frac{1}{4} + \frac{1}{x},['Pass judgment the demarcation line if it exists. \\ lim_ {{ x \\ to - foursome} } \\ frac {one} {4} + \\ frac {ace} {x }'],The answer to the question is -0.75.,-0.75.,-1/16,"tensor([[0.6744]], device='mps:0')",FAIL
Evaluate the limit if it exists. \lim_{{t \to 0}} \left(\frac{1}{\sqrt{1 + t}} - \frac{1}{t}\right),['Pass judgment the limit if it exist. \\ lim_ {{ t \\ to 0} } \\ left (\\ frac {1} {\\ sqrt {i + t} } - \\ frac {1} {t} \\ rightfulness )'],The answer to the question is The limit is -1.,-1.,-1/2,"tensor([[0.7591]], device='mps:0')",PASS
"Find the limit, if it exists. If the limit does not exist, explain why. \lim_{{x \to 0.5^-}} \frac{2x - 1}{|2x^3 - x^2|}","['Find the point of accumulation, if it exists. If the limit does non be, explain why. \\ lim_ {{ x \\ to 0. 5 ^ -} } \\ frac {2x - 1} {| 2x ^ 3 - tenner ^ 2 | }']","The answer to the question is The point of accumulation is x = 0.5, as the limit exists and is equal to -∞.",equal to -∞.,-4,"tensor([[0.4422]], device='mps:0')",FAIL
"Find the limit, if it exists. If the limit does not exist, explain why. \lim_{{x \to 0}} \left(\frac{1}{x} - \frac{1}{|x|}\right)","['Find the limit, if it exists. If the bound does non exist, explicate why. \\ lim_ {{ x \\ to zero} } \\ left (\\ frac {i} {x} - \\ frac {1} {| go |} \\ rightfulness )']",The answer to the limit as x approaches zero of (i/x - 1/|x|) is undefined.,undefined.,DNE (Does not exist),"tensor([[0.3965]], device='mps:0')",FAIL
"If \lim_{{x \to 1}} \frac{f(x) - 8}{x - 1} = 10, find \lim_{{x \to 1}} f(x)","['If \\ lim_ {{ x \\ to unity} } \\ frac {fluorine (x) - eighter from decatur} {ten - 1} = decade, recover \\ lim_ {{ x \\ to one} } f (ex )']",The answer to the question is decade.,decade.,8,"tensor([[0.3200]], device='mps:0')",FAIL
Write an equation that expresses the fact that a function is continuous at the number 4. ,['Write an equation that expresses the fact that a function be uninterrupted at the figure 4.'],The answer to the question is f(4-) = f(4+),f(4+),lim (x-> 4) f(x) = f(4),"tensor([[0.6383]], device='mps:0')",FAIL
Locate the discontinuities of the function. y = \frac{1}{1 + e^{1/x}},['Place the discontinuity of the function. wye = \\ frac {i} {single + tocopherol ^ {i / x} }'],The answer to the question is The function has a discontinuity at x = 0.,0.,0,"tensor([[0.9097]], device='mps:0')",PASS
Use continuity to evaluate the limit. \lim_{x \to 1} e^{x^2 - x},['Use continuity to judge the demarcation line. \\ lim_ {ten \\ to 1} eastward ^ {cristal ^ 2 - ecstasy }'],The answer to the question is 1.,1.,1,"tensor([[0.8713]], device='mps:0')",PASS
Find the limit. \lim_{x \to \infty} \frac{1}{2x + 3},['Find the bound. \\ lim_ {x \\ to \\ infty} \\ frac {unity} {2x + triad }'],The answer to the question is 0.,0.,0,"tensor([[0.9097]], device='mps:0')",PASS
Find the limit. \lim_{x \to -\infty} \frac{1 - x - x^2}{2x^2 - 7},['Find the limit point. \\ lim_ {10 \\ to - \\ infty} \\ frac {1 - disco biscuit - 10 ^ deuce} {2x ^ 2 - seven }'],The answer to the limit point is 0.,0.,-1/2,"tensor([[0.4366]], device='mps:0')",FAIL
Find the limit. \lim_{x \to \infty} \frac{x^3 + 5x}{2x^3 - x^2 + 4},['Find the terminal point. \\ lim_ {ten \\ to \\ infty} \\ frac {10 ^ 3 + 5x} {2x ^ terzetto - disco biscuit ^ two + 4 }'],The answer to the question is infinity.,infinity.,1/2,"tensor([[0.3629]], device='mps:0')",FAIL
Find the limit. \lim_{u \to \infty} \frac{4u^4 + 5}{(u^2 - 2)(2u^2 - 1)},['Find the limit. \\ lim_ {u \\ to \\ infty} \\ frac {4u ^ four + pentad} {( u ^ two - 2) (2u ^ ii - ace) }'],The answer to the limit lim_{u \to \infty} \frac{4u^4 + 5}{(u^2 - 2)(2u^2 - 1)} is 2.,2.,2,"tensor([[0.8948]], device='mps:0')",PASS
Find the limit. \lim_{x \to \infty} \frac{\sqrt{9x^6 - x}}{x^3 + 1},['Find the limit. \\ lim_ {ten \\ to \\ infty} \\ frac {\\ sqrt {9x ^ captain hicks - x} } {10 ^ trey + 1 }'],The answer to the limit lim_{x to \infty} \frac{\sqrt{9x^{3} - x}}{10^{3} + 1} is \frac{3}{10}.,\frac{3}{10}.,3,"tensor([[0.3152]], device='mps:0')",FAIL
Find the limit. \lim_{x \to \infty} (\sqrt{9x^2 + x - 3x}),['Find the demarcation. \\ lim_ {ten \\ to \\ infty} (\\ sqrt {9x ^ 2 + ecstasy - 3x} )'],The answer to the question is 3.,3.,1/6,"tensor([[0.3327]], device='mps:0')",FAIL
Find the limit. \lim_{x \to \infty} (\sqrt{x^2 + ax} - \sqrt{x^2 + bx}),['Find the bound. \\ lim_ {ten \\ to \\ infty} (\\ sqrt {10 ^ ii + axe} - \\ sqrt {10 ^ deuce + bx} )'],The answer to the question is √ax - √bx.,√ax - √bx.,1/2 (a - b),"tensor([[0.3888]], device='mps:0')",FAIL
Find the limit. \lim_{x \to \infty} \frac{x + x^3 + x^5}{1 - x^2 + x^4},['Find the limit. \\ lim_ {10 \\ to \\ infty} \\ frac {10 + x ^ 3 + adam ^ 5} {ane - cristal ^ 2 + xtc ^ 4 }'],The answer to the limit lim_{x to \infty} \frac{10 + x^3 + adam^5}{ane - cristal^2 + xtc^4} is -\infty.,-\infty.,infinity,"tensor([[0.6094]], device='mps:0')",FAIL
